{
  "train_loss": [
    0.027631312174101672,
    0.013336578533053398,
    0.010203647290666898,
    0.0062667997227981685,
    0.006001279919873923,
    0.006419829255125175,
    0.00840329787461087,
    0.005577999256396045,
    0.005514113982984175,
    0.008418526878425231
  ],
  "train_acc": [
    0.8083333333333333,
    0.9416666666666667,
    0.9583333333333334,
    0.9783333333333334,
    0.975,
    0.9666666666666667,
    0.9566666666666667,
    0.9816666666666667,
    0.98,
    0.9516666666666667
  ],
  "val_loss": [
    0.03761596441268921,
    0.04430022783577442,
    0.04274408368393779,
    0.03654500290751457,
    0.039489183677360415,
    0.04169387295997391,
    0.04797619339233885,
    0.04547102619428187,
    0.04744626046624035,
    0.042145782349010306
  ],
  "val_acc": [
    0.6833333333333333,
    0.6383333333333333,
    0.6683333333333333,
    0.7083333333333334,
    0.6933333333333334,
    0.6866666666666666,
    0.6583333333333333,
    0.665,
    0.6683333333333333,
    0.68
  ]
}